Rate,Year
0.04500,1992
0.04500,1993
0.04500,1994
0.04500,1995
0.04500,1996
0.04500,1997
0.04500,1998
0.06790,1999
0.08150,2000
0.07070,2001
0.07140,2002
0.05850,2003
0.05870,2004
0.05770,2005
0.06210,2006
0.06180,2007
0.06070,2008
0.05010,2009
0.05090,2010
0.04770,2011
0.03910,2012
0.03340,2013
0.04530,2014
0.03730,2015
0.03970,2016
0.04200,2017
0.03950,2018
0.04510,2019
0.03720,2020
0.02650,2021
